类别,严重程度,文件路径,行号,问题描述,建议修复方案,优先级
总结,信息,全局统计,N/A,代码审核总体统计,详见下方统计信息,信息
统计,信息,源文件总数,460,Rust源文件总数量,持续监控代码库规模,信息
统计,信息,测试文件数,61,测试相关文件数量,目标测试覆盖率应达到80%以上,信息
统计,信息,文档文件数,257,包含文档注释的文件数,文档覆盖率55.9%需要提升,信息
统计,信息,unwrap使用次数,382,生产代码中unwrap()使用次数,目标减少到50次以下,信息
统计,信息,expect使用次数,44,生产代码中expect()使用次数,可接受但需要审查错误信息质量,信息
统计,信息,unsafe代码文件,15+,包含unsafe代码的文件数量,每个unsafe块都需要详细审查,信息
安全性,高,src/ui/workspace.rs,67-69,使用unsafe代码进行原始指针操作,使用Arc<Mutex<T>>或其他安全的共享状态机制替代unsafe指针操作,高
错误处理,高,crates/ibrowser/src/webview.rs,250,使用unwrap()处理时间戳可能导致panic,使用?操作符或match处理SystemTime错误,高
错误处理,高,crates/ibrowser/src/webview.rs,428,使用unwrap()处理时间戳可能导致panic,使用?操作符或match处理SystemTime错误,高
错误处理,中,crates/ibrowser/src/state.rs,36,使用unwrap()获取Mutex锁可能导致panic,使用lock().map_err()或expect()提供有意义的错误信息,中
错误处理,中,crates/ibrowser/src/state.rs,48,使用unwrap()获取Mutex锁可能导致panic,使用lock().map_err()或expect()提供有意义的错误信息,中
错误处理,中,src/main.rs,36,使用expect()初始化日志器,已有合理的错误信息但可考虑更优雅的错误处理,低
代码质量,高,crates/itools/src/mcp/server_templates.rs,104-325,函数initialize_default_templates过长(221行),将函数拆分为多个小函数按类别初始化模板,高
代码质量,高,crates/inote/src/db_storage.rs,1096-1219,函数create_tables过长(123行),将表创建逻辑拆分为多个专门的函数,高
代码质量,高,crates/inote/src/db_storage.rs,1372-1490,函数create_essential_tables过长(118行),将基础表创建逻辑拆分为多个函数,高
代码质量,高,crates/egui_term/src/bindings.rs,138-320,函数default_keyboard_bindings过长(182行),将键盘绑定按功能分组到多个函数中,高
代码质量,高,crates/iterminal/src/help_content.rs,47-257,函数initialize_default_content过长(210行),将帮助内容按主题拆分为多个初始化函数,高
代码质量,中,crates/web-view/webview-examples/examples/egui_webview_iframe_enhanced.rs,42-369,函数create_enhanced_html过长(327行),将HTML生成逻辑拆分为多个专门的函数,中
代码质量,中,crates/web-view/webview-examples/examples/egui_webview_iframe_embed.rs,36-252,函数create_iframe_html过长(216行),将HTML生成逻辑拆分为多个函数,中
安全性,高,crates/web-view/webview-examples/,多个文件,WebView实现存在segmentation fault问题,使用已实现的ultra_safe版本或完全避免嵌入式WebView,高
性能,中,全局,多个文件,大量使用unwrap()导致潜在的运行时panic,统计显示382个unwrap()使用需要审查和优化,中
文档,中,全局,多个文件,文档覆盖率约55.9%(257/460文件有文档注释),为所有公共API添加文档注释,中
测试,中,全局,多个文件,测试文件数量61个相对于460个源文件较少,增加单元测试和集成测试覆盖率,中
依赖管理,低,Cargo.toml,14-16,egui版本固定在0.28.1,定期评估是否可以升级到更新版本,低
依赖管理,低,Cargo.toml,41,注释掉的rfd依赖,清理不需要的注释代码,低
代码风格,低,crates/web-view/src/dialog.rs,11,未使用的字段webview产生警告,移除未使用的字段或添加#[allow(dead_code)],低
错误处理,中,crates/ibrowser/src/webview.rs,69,使用unwrap()创建tokio运行时,使用?操作符或提供有意义的错误处理,中
错误处理,中,crates/ibrowser/src/webview.rs,81,使用unwrap()获取Mutex锁,使用expect()提供有意义的错误信息,中
错误处理,中,crates/ibrowser/src/webview.rs,128,使用unwrap()获取Mutex锁,使用expect()提供有意义的错误信息,中
错误处理,中,crates/ibrowser/src/webview.rs,160,使用unwrap()获取Mutex锁,使用expect()提供有意义的错误信息,中
错误处理,中,crates/ibrowser/src/webview.rs,193,使用unwrap()获取Mutex锁,使用expect()提供有意义的错误信息,中
错误处理,中,crates/ibrowser/src/webview.rs,231,使用unwrap()获取Mutex锁,使用expect()提供有意义的错误信息,中
模块化,中,src/app.rs,1000+,主应用文件过长(超过3000行),考虑将部分功能拆分到独立模块中,中
命名规范,低,crates/aiAssist/,目录名,crate名称使用驼峰命名不符合Rust约定,重命名为ai_assist以符合snake_case约定,低
平台兼容性,中,crates/ibrowser/src/webview.rs,256,硬编码使用macOS的open命令,使用跨平台的opener crate或条件编译,中
平台兼容性,中,crates/ibrowser/src/webview.rs,436,硬编码使用macOS的open命令,使用跨平台的opener crate或条件编译,中
安全性,中,crates/ibrowser/src/webview.rs,417,iframe使用sandbox属性但权限较宽松,评估是否需要更严格的sandbox权限,中
性能,低,crates/ibrowser/src/webview.rs,264-267,创建线程清理临时文件,考虑使用更高效的资源管理方式,低
代码质量,低,src/main.rs,45-51,大量注释掉的代码,清理不需要的注释代码,低
代码质量,低,src/main.rs,77-80,大量注释掉的代码,清理不需要的注释代码,低
错误处理,低,src/main.rs,13-32,panic hook设置较为复杂,考虑使用更简洁的panic处理方式,低
依赖管理,中,Cargo.toml,76-78,重复的tokio依赖声明,清理重复的依赖声明,中
依赖管理,中,Cargo.toml,112-117,注释掉的patch配置,清理不需要的patch配置或添加说明,中
代码组织,中,crates/,多个目录,某些crate缺少README.md文件,为所有crate添加README.md说明文档,中
测试,高,crates/web-view/webview-examples/,多个文件,WebView示例存在segmentation fault,修复或移除有问题的示例代码,高
日志,低,全局,多个文件,日志级别和格式不统一,建立统一的日志规范和格式,低
配置,低,根目录,缺少文件,缺少rustfmt.toml和clippy.toml配置文件,添加代码格式化和lint配置文件,低
CI/CD,中,根目录,缺少文件,缺少GitHub Actions或其他CI配置,添加自动化测试和代码质量检查,中
安全性,中,全局,多个文件,敏感信息可能在日志中泄露,审查所有日志输出确保不包含敏感信息,中
性能,低,全局,多个文件,某些地方可能存在不必要的克隆,使用clippy检查并优化不必要的克隆,低
文档,低,docs/,多个文件,文档更新可能滞后于代码变更,建立文档更新流程确保同步,低
内存安全,高,crates/alacritty_terminal/src/,多个文件,终端模块包含unsafe代码,审查所有unsafe代码块确保内存安全,高
内存安全,高,crates/web-view/src/lib.rs,多行,WebView库包含大量unsafe代码,考虑使用更安全的WebView替代方案,高
内存安全,中,crates/web-view/webview-sys/,多个文件,系统级WebView绑定包含unsafe代码,确保所有FFI调用的安全性,中
错误处理,中,crates/inote/src/,多个文件,数据库操作中存在多个unwrap()调用,使用?操作符或适当的错误处理,中
错误处理,中,crates/isearch/src/,多个文件,搜索功能中存在unwrap()调用,改进错误处理避免潜在panic,中
错误处理,中,crates/aiAssist/src/,多个文件,AI助手模块中存在unwrap()调用,使用Result类型进行错误传播,中
错误处理,中,crates/itools/src/,多个文件,工具集成模块中存在unwrap()调用,改进MCP协议错误处理,中
错误处理,中,crates/iterminal/src/,多个文件,终端模块中存在unwrap()调用,使用适当的错误处理机制,中
错误处理,中,crates/ifile_editor/src/,多个文件,文件编辑器中存在unwrap()调用,改进文件操作错误处理,中
代码复杂度,中,src/app.rs,1000-3000+,主应用文件包含大量复杂逻辑,考虑使用状态机模式重构,中
代码复杂度,中,crates/inote/src/db_ui.rs,多个函数,UI渲染函数过于复杂,拆分为更小的组件函数,中
代码复杂度,中,crates/isearch/src/ui.rs,多个函数,搜索UI逻辑复杂,简化UI状态管理,中
代码复杂度,中,crates/itools/src/ui.rs,多个函数,工具UI包含复杂的状态管理,重构为更清晰的组件结构,中
性能优化,中,crates/inote/src/storage.rs,多个函数,数据库查询可能未优化,添加索引和查询优化,中
性能优化,中,crates/isearch/src/indexer.rs,多个函数,文件索引性能可能有问题,优化索引算法和数据结构,中
性能优化,低,全局,多个文件,字符串操作可能存在不必要的分配,使用Cow<str>或其他优化技术,低
并发安全,中,crates/aiAssist/src/,多个文件,AI助手的异步操作可能存在竞态条件,审查并发访问模式,中
并发安全,中,crates/itools/src/mcp/,多个文件,MCP协议实现的线程安全性,确保多线程环境下的安全性,中
并发安全,低,crates/inote/src/,多个文件,笔记模块的并发访问,审查共享状态的保护机制,低
资源管理,中,crates/ibrowser/src/,多个文件,WebView资源可能泄露,实现适当的资源清理机制,中
资源管理,中,crates/iterminal/src/,多个文件,终端进程资源管理,确保进程正确清理,中
资源管理,低,全局,多个文件,文件句柄可能未正确关闭,使用RAII模式管理资源,低
API设计,中,crates/inote/src/lib.rs,公共API,笔记模块API设计可能过于复杂,简化公共接口,中
API设计,中,crates/isearch/src/lib.rs,公共API,搜索模块API缺少文档,添加完整的API文档,中
API设计,中,crates/itools/src/lib.rs,公共API,工具模块API设计不够一致,统一API设计模式,中
配置管理,中,src/config/,多个文件,配置管理可能存在类型安全问题,使用强类型配置结构,中
配置管理,低,全局,配置文件,缺少配置验证机制,添加配置文件验证,低
国际化,低,全局,多个文件,硬编码的中文字符串,考虑添加国际化支持,低
可访问性,低,全局,UI组件,UI组件可能缺少可访问性支持,添加键盘导航和屏幕阅读器支持,低
兼容性,中,build.rs,构建脚本,构建脚本可能存在平台兼容性问题,测试并改进跨平台构建,中
版本管理,低,Cargo.toml,版本号,版本号管理可能不够规范,建立语义化版本管理流程,低
